Time(seconds),Population,AverageSpeed,AverageSight,AverageMetabolism,AverageMutationRate(%)
1.01667,61,139.646,281.416,0.0468048,98.5391
2.03333,69,139.889,292.921,0.0467853,98.518
3.0375,70,140.952,291.217,0.046369,98.4825
4.04583,69,140.325,286.156,0.0462758,98.4961
5.05,67,139.968,284.28,0.0464439,98.508
6.08333,61,138.32,284.218,0.0467015,98.5563
7.12499,57,137.48,280.483,0.0461577,98.5294
8.13332,50,134.905,266.254,0.0452253,98.3585
9.17916,38,133.922,257.596,0.0451488,98.2523
10.2208,28,132.042,239.579,0.0454227,98.1328
11.25,22,135.782,229.573,0.044717,97.9739
12.2708,18,135.848,226.048,0.046812,97.8941
13.3208,17,133.455,223.6,0.0480205,97.8486
14.375,15,133.626,223.104,0.0473507,98.1945
15.375,15,133.626,223.104,0.0473507,98.1945
16.375,18,131.768,229.053,0.0467046,98.2705
17.4083,18,131.768,229.053,0.0467046,98.2705
18.4084,20,129.897,230.613,0.0465928,98.2731
19.4084,21,129.571,226.493,0.0465761,98.2444
20.4292,22,129.573,218.697,0.0471291,98.2627
21.4917,22,130.014,209.485,0.0472448,98.383
22.5542,22,130.014,209.485,0.0472448,98.383
23.5709,23,130.713,208.391,0.0476691,98.3885
24.6209,23,130.713,208.391,0.0476691,98.3885
25.6709,23,130.713,208.391,0.0476691,98.3885
26.7209,26,129.079,209.449,0.0473365,98.2862
27.7459,27,128.801,207.748,0.046799,98.3497
28.7751,26,129.536,213.815,0.0467064,98.2862
29.8042,26,128.563,208.011,0.0466554,98.2736
30.8334,27,127.685,210.706,0.0465686,98.0294
31.8917,28,126.696,207.345,0.0464982,98.0283
32.9751,28,126.696,207.345,0.0464982,98.0283
34.0584,28,128.753,202.896,0.0468144,98.0653
35.1417,29,129.49,201.227,0.0474723,98.0444
36.1542,29,129.49,201.227,0.0474723,98.0444
37.2042,29,129.49,201.227,0.0474723,98.0444
38.2542,32,130.649,206.349,0.0476378,98.1137
39.3042,33,130.757,203.217,0.0474688,98.1002
40.3543,32,131.358,206.749,0.0475273,98.2476
41.3543,31,130.752,208.434,0.0469349,98.273
42.3626,33,130.348,212.287,0.0473153,98.2133
43.3709,32,131.908,207.887,0.0476332,98.2507
44.3793,32,133.991,213.68,0.0477974,98.3424
45.3876,34,134.2,212.845,0.0481049,98.4166
46.396,33,134.405,212.13,0.0483457,98.4725
47.4418,34,135.224,212.209,0.0486136,98.4613
48.4959,36,135.206,213.684,0.0482857,98.3627
49.5501,38,133.661,207.695,0.0483518,98.3422
50.6043,39,133.1,208.309,0.0481579,98.3305
51.6584,42,133.291,209.06,0.0480921,98.3163
52.7168,43,133.582,211.185,0.0481127,98.3237
53.7167,45,134.591,217.468,0.0483297,98.3348
54.7167,44,135.446,221.732,0.0482854,98.366
55.7167,45,133.689,217.69,0.04821,98.2749
56.7167,45,133.689,217.69,0.04821,98.2749
57.7167,45,133.593,216.672,0.048112,98.2682
58.7167,47,133.861,208.473,0.0486264,98.2721
59.7166,50,134.149,202.039,0.0486426,98.2258
60.75,49,132.534,204.554,0.0488779,98.1888
61.7917,49,132.768,201.802,0.0490699,98.2509
62.8333,50,131.18,201.489,0.0490128,98.2437
63.875,48,130.86,204.568,0.0487977,98.2217
64.9167,45,127.941,196.404,0.0484173,98.2573
65.9583,46,128.811,194.509,0.0480685,98.2673
67,44,129.038,195.899,0.048203,98.1614
68.0791,43,130.456,196.917,0.0479953,98.1801
69.1624,38,129.712,198.953,0.0475819,98.1631
70.2457,36,130.183,205.034,0.0478262,98.2355
71.329,36,132.644,204.486,0.0476636,98.3527
72.4123,38,133.652,205.931,0.047763,98.343
73.4956,39,133.689,206.733,0.0478346,98.3285
74.5789,40,132.92,204.827,0.0477673,98.3509
75.6622,41,132.223,202.392,0.047616,98.371
76.6747,44,129.729,193.856,0.0474355,98.4869
77.6872,48,130.914,198.25,0.0471329,98.6116
78.6998,48,130.914,198.25,0.0471329,98.6116
79.7123,49,130.23,195.674,0.0469841,98.6189
80.7248,50,130.094,196.023,0.0469645,98.6465
81.7373,53,129.425,201.772,0.0470234,98.622
82.7499,56,128.385,201.24,0.0473698,98.5299
83.7624,57,127.611,195.515,0.0473414,98.4909
84.7999,55,128.886,193.993,0.0475225,98.4414
85.8499,53,128.812,192.701,0.0477068,98.3753
86.8999,51,129.577,190.845,0.0474697,98.4029
87.95,54,130.117,188.785,0.0474392,98.3604
89,58,129.083,187.968,0.047441,98.2963
90.05,60,130.621,193.079,0.0476275,98.2586
91.1,60,130.253,192.579,0.0475874,98.2706
92.15,63,128.97,187.467,0.0473856,98.2447
93.2042,60,129.218,189.596,0.0474766,98.2619
94.2917,60,128.657,191.917,0.0475629,98.2904
95.3792,56,128.412,182.369,0.0473398,98.3149
96.4668,51,128.387,186.399,0.0474235,98.3169
97.5543,53,128.884,190.47,0.0477721,98.3439
98.6418,54,128.405,191.308,0.0474597,98.3067
99.7293,56,125.781,189.68,0.0479132,98.3012
100.817,61,127.393,193.958,0.0480103,98.2536
101.904,60,127.565,199.209,0.048405,98.2896
102.904,61,128.661,195.121,0.0481038,98.3563
103.904,54,128.511,195.492,0.0484221,98.2978
104.904,53,127.633,194.64,0.0488323,98.2909
105.904,49,129.9,198.926,0.0485423,98.3338
106.904,41,125.943,190.244,0.0485109,98.3394
107.904,39,126.642,189.639,0.0480773,98.3119
108.904,34,126.099,190.686,0.0478851,98.231
109.904,31,126.045,181.563,0.0486969,98.1098
110.904,27,125.695,176.611,0.0488979,97.9275
111.904,22,122.726,172.371,0.0470303,98.0723
112.904,21,121.83,172.79,0.047362,98.0583
113.929,20,121.708,176.373,0.0476524,98.0125
114.963,20,121.708,176.373,0.0476524,98.0125
115.996,19,121.186,175.757,0.0473179,98.0902
117.029,20,120.81,177.588,0.0470244,98.1545
118.063,21,121.178,180.601,0.0472284,98.2083
119.096,20,122.09,183.106,0.0473327,98.1574
120.129,18,119.91,187.185,0.0474224,98.0028
121.163,17,120.277,185.704,0.0477738,97.9219
122.196,17,120.555,184.327,0.0474617,97.9641
123.229,19,121.485,180.445,0.0475976,97.7761
124.267,22,122.72,189.889,0.0473854,97.7909
125.333,22,122.72,189.889,0.0473854,97.7909
126.4,22,122.035,192.886,0.0469205,97.6936
127.467,21,120.367,199.69,0.0470009,97.7538
128.533,21,120.367,199.69,0.0470009,97.7538
129.6,20,120.307,201.498,0.0477098,97.6415
130.667,20,120.307,201.498,0.0477098,97.6415
131.733,20,120.307,201.498,0.0477098,97.6415
132.8,20,120.307,201.498,0.0477098,97.6415
133.867,23,120.082,191.26,0.0480062,97.73
134.933,25,122.059,194.598,0.0475464,97.8625
136,27,122.727,206.83,0.0476235,97.9214
137.067,28,122.159,206.918,0.0476775,97.835
138.133,27,120.708,209.994,0.0477195,97.7614
139.2,27,119.701,209.152,0.0477108,97.6475
140.266,24,117.66,209.508,0.0477233,97.5293
141.333,24,117.66,209.508,0.0477233,97.5293
142.4,21,117.46,193.502,0.0474007,97.4936
143.466,21,118.799,186.379,0.0478956,97.6259
144.533,22,118.224,184.594,0.0483826,97.6027
145.6,23,116.91,190.525,0.0484198,97.5314
146.666,21,116.431,197.618,0.0482495,97.5187
147.733,19,114.479,208.379,0.0483049,97.4126
148.8,18,116.545,203.062,0.0480777,97.2931
149.866,18,117.449,185.323,0.0478026,97.3036
150.933,18,117.449,185.323,0.0478026,97.3036
152,19,117.712,188.337,0.047793,97.3021
153.066,20,118.296,181.42,0.0477041,97.2155
154.133,20,118.296,181.42,0.0477041,97.2155
155.2,19,117.126,179.083,0.0477277,97.3018
156.266,20,117.655,165.98,0.0477724,97.395
157.333,18,115.106,158.833,0.0473174,97.1
158.4,16,115.85,147.813,0.0473508,97.185
159.466,14,116.378,140.295,0.0473752,97.339
160.533,14,116.126,130.51,0.0472863,97.3926
161.599,14,116.126,130.51,0.0472863,97.3926
162.666,14,116.126,130.51,0.0472863,97.3926
163.733,14,116.126,130.51,0.0472863,97.3926
164.799,14,116.126,130.51,0.0472863,97.3926
165.866,15,114.572,136.253,0.0465549,97.3299
166.933,17,112.932,144.213,0.046863,97.2144
167.999,17,112.932,144.213,0.046863,97.2144
169.066,16,110.006,158.966,0.0468277,97.1259
170.133,16,110.006,158.966,0.0468277,97.1259
171.199,16,110.006,158.966,0.0468277,97.1259
172.266,16,110.006,158.966,0.0468277,97.1259
173.333,16,110.006,158.966,0.0468277,97.1259
174.399,17,109.457,159.905,0.0466266,96.9737
175.466,18,110.015,167.031,0.0466601,96.9306
176.533,18,109.579,176.347,0.0460699,96.9901
177.599,18,109.362,180.972,0.0468732,96.8461
178.666,18,109.362,180.972,0.0468732,96.8461
179.733,19,109.208,187.369,0.0466918,96.8492
180.799,19,108.565,177.457,0.0473131,97.0719
181.866,19,108.565,177.457,0.0473131,97.0719
182.932,19,108.565,177.457,0.0473131,97.0719
183.999,17,107.468,173.322,0.0478727,96.982
185.066,15,107.668,183.329,0.0472003,97.0097
186.132,12,105.034,182.73,0.0459035,96.9872
187.199,12,105.034,182.73,0.0459035,96.9872
188.266,12,105.034,182.73,0.0459035,96.9872
189.332,13,108.214,183.807,0.0438066,97.1778
190.399,14,105.884,190.651,0.0435102,97.0859
191.466,14,105.884,190.651,0.0435102,97.0859
192.532,14,105.884,190.651,0.0435102,97.0859
193.599,13,105.695,194.377,0.044028,96.9356
194.666,15,107.943,183.149,0.0443758,97.0154
195.732,16,108.399,182.577,0.0447587,97.0526
196.799,15,107.713,187.781,0.0452272,96.9071
197.866,15,107.713,187.781,0.0452272,96.9071
198.932,16,109.076,192.011,0.0445938,96.8145
199.999,18,109.051,186.028,0.0445169,96.843
201.066,18,109.051,186.028,0.0445169,96.843
202.132,19,109.483,182.688,0.0443099,96.6955
203.199,19,109.483,182.688,0.0443099,96.6955
204.265,21,108.786,179.532,0.0443512,96.5941
205.332,22,108.813,175.708,0.0441797,96.6619
206.399,23,108.617,181.88,0.0442331,96.5846
207.465,22,109.035,187.874,0.0440404,96.4758
208.532,22,109.035,187.874,0.0440404,96.4758
209.599,24,109.019,202.537,0.0444553,96.2565
210.665,24,109.019,202.537,0.0444553,96.2565
211.732,25,109.316,203.677,0.0441948,96.1143
212.799,25,108.95,204.182,0.0438817,96.1557
213.865,27,108.104,207.839,0.0439831,96.1826
214.932,27,108.104,207.839,0.0439831,96.1826
215.999,25,106.552,212.539,0.0444443,96.2699
217.065,24,106.23,212.468,0.0441513,96.2079
218.132,22,106.571,215.954,0.0441336,96.2555
219.199,18,106.814,210.975,0.044356,96.1744
220.265,16,107.045,194.622,0.0444635,96.5372
221.332,14,108.337,199.528,0.0439765,96.5221
222.399,12,109.994,194.004,0.0444811,96.5533
223.465,13,112.084,193.664,0.0446701,96.7261
224.532,12,113.677,192.036,0.0445942,96.6587
225.598,12,113.677,192.036,0.0445942,96.6587
226.665,12,113.677,192.036,0.0445942,96.6587
227.732,13,115.173,194.71,0.0448444,96.7483
228.798,13,115.173,194.71,0.0448444,96.7483
229.865,14,115.603,196.773,0.0447038,96.6894
230.932,16,114.383,211.457,0.0447549,96.5025
231.998,16,114.383,211.457,0.0447549,96.5025
233.065,16,114.383,211.457,0.0447549,96.5025
234.132,16,114.383,211.457,0.0447549,96.5025
235.198,16,114.383,211.457,0.0447549,96.5025
236.265,16,114.528,214.398,0.0444497,96.6919
237.332,17,114.351,210.724,0.0445036,96.5317
238.398,18,114.333,209.148,0.0446432,96.4181
239.465,19,114.458,208.673,0.0448512,96.4331
240.532,20,113.645,206.05,0.0452246,96.3166
241.598,21,113.786,204.981,0.0451931,96.1453
242.665,22,114.235,206.141,0.0453326,96.0075
243.732,23,113.153,203.653,0.0452474,96.1112
244.798,23,113.153,203.653,0.0452474,96.1112
245.865,23,113.153,203.653,0.0452474,96.1112
246.932,24,112.648,207.736,0.0454242,96.0834
247.998,22,110.82,209.104,0.0459849,95.8868
249.065,23,109.366,227.164,0.0461655,96.0023
250.131,22,108.74,238.439,0.0463649,96.0174
251.198,18,107.681,236.904,0.0466954,96.0038
252.265,17,108.55,210.844,0.0465506,96.1351
253.331,19,107.699,212.099,0.0464285,96.0021
254.398,18,108.182,198.032,0.0463971,96.1346
255.465,18,108.182,198.032,0.0463971,96.1346
256.531,18,108.245,203.722,0.046657,96.2646
257.598,18,108.245,203.722,0.046657,96.2646
258.665,18,108.245,203.722,0.046657,96.2646
259.731,20,106.689,212.081,0.0465615,96.3132
260.798,19,106.841,206.475,0.0462102,96.197
261.865,19,106.841,206.475,0.0462102,96.197
262.931,18,106.555,210.325,0.0464362,96.1338
263.998,20,105.533,204.218,0.0460775,95.903
265.065,21,106.277,208.351,0.0463103,96.0259
266.131,18,107.898,202.7,0.0464637,96.0371
267.198,19,108.992,198.522,0.0466345,96.0757
268.265,19,111.463,191.04,0.0467196,96.0576
269.331,17,110.583,184.626,0.0463594,95.877
270.398,20,106.103,198.706,0.0457627,95.741
271.464,19,104.915,202.673,0.045555,95.6868
272.531,20,105.668,195.749,0.0460393,95.779
273.598,20,105.673,209.244,0.0460006,95.8638
274.664,18,107.794,200.754,0.0455546,95.8387
275.731,16,107.664,193.18,0.0459534,96.0069
276.798,14,105.558,200.705,0.0455956,95.9924
277.864,14,105.558,200.705,0.0455956,95.9924
278.931,12,107.087,186.789,0.0461178,96.2121
279.998,12,107.087,186.789,0.0461178,96.2121
281.064,13,106.596,191.792,0.0460215,96.0654
282.131,15,107.472,208.801,0.0454902,95.8823
283.198,16,106.198,202.967,0.0454131,95.8007
284.264,14,105.537,215.283,0.0445638,95.6842
285.331,13,106.09,209.998,0.0445162,95.6168
286.398,13,110.688,208.375,0.0446636,95.5968
287.464,12,111.295,195.411,0.0450191,95.6175
288.531,11,110.239,188.196,0.0451412,95.7613
289.598,10,112.554,195.471,0.0452296,95.8798
290.664,11,114.776,206.015,0.0456235,95.8544
291.731,11,114.776,206.015,0.0456235,95.8544
292.797,11,108.49,218.848,0.0451327,95.8228
293.864,11,108.49,218.848,0.0451327,95.8228
294.931,11,108.49,218.848,0.0451327,95.8228
295.997,12,110.597,204.778,0.0453726,95.8164
297.064,12,110.597,204.778,0.0453726,95.8164
298.131,12,110.597,204.778,0.0453726,95.8164
299.197,12,110.597,204.778,0.0453726,95.8164
300.264,12,110.597,204.778,0.0453726,95.8164
301.331,12,110.597,204.778,0.0453726,95.8164
302.397,12,110.597,204.778,0.0453726,95.8164
303.464,12,109.515,228.501,0.0449495,95.5912
304.531,13,111.333,236.382,0.0453114,95.8387
305.597,14,113.531,231.364,0.0456268,96.0626
306.664,16,112.672,229.413,0.0454399,96.1048
307.731,17,110.894,224.519,0.045186,96.022
308.797,17,110.894,224.519,0.045186,96.022
309.864,17,110.894,224.519,0.045186,96.022
310.931,17,110.894,224.519,0.045186,96.022
311.997,18,112.103,224.166,0.0452731,95.9613
313.064,18,112.103,224.166,0.0452731,95.9613
314.13,19,113.311,227.626,0.0451862,95.9374
315.197,20,113.221,227.585,0.0452585,95.8439
316.264,21,114.739,221.279,0.0452405,95.7916
317.33,22,113.522,216.122,0.0451449,95.7874
318.397,26,108.846,217.026,0.0453291,95.9752
319.464,27,107.982,218.242,0.0451986,95.9701
320.53,28,106.928,222.735,0.0452511,95.9741
321.597,27,105.957,218.726,0.045088,95.8692
322.664,24,104.223,205.537,0.04491,95.8938
323.73,22,106.185,207.627,0.0450074,95.9525
324.797,19,107.791,195.206,0.0450534,95.9048
325.864,16,105.144,205.486,0.0450776,96.051
326.93,17,105.951,213.826,0.0451095,96.0248
327.997,19,104.838,227.078,0.0450813,96.0877
329.064,19,104.838,227.078,0.0450813,96.0877
330.13,22,106.618,218.849,0.0450211,96.0374
331.197,23,106.473,212.088,0.0450161,95.9971
332.264,23,106.473,212.088,0.0450161,95.9971
333.33,23,104.33,213.477,0.0448477,95.8291
334.397,23,104.33,213.477,0.0448477,95.8291
335.464,23,104.33,213.477,0.0448477,95.8291
336.53,22,104.003,212.871,0.0447665,95.9092
337.597,25,105.084,207.255,0.0448614,95.9858
338.663,22,104.609,216.383,0.0448484,96.0017
339.73,21,104.093,207.124,0.0447547,95.9019
340.797,21,106.378,201.309,0.0447899,95.8987
341.863,19,107.091,197.928,0.045086,96.171
342.93,18,106.437,189.63,0.0450564,96.2025
343.997,17,107.234,197.227,0.044964,96.113
345.063,16,110.895,207.908,0.0450871,95.9767
346.13,16,109.993,217.336,0.0446379,95.7485
347.197,15,111.375,220.723,0.0447745,95.7346
348.263,16,114.602,216.494,0.0446101,95.6784
349.33,16,114.602,216.494,0.0446101,95.6784
350.397,16,114.602,216.494,0.0446101,95.6784
351.463,17,113.721,216.905,0.0444765,95.6415
352.53,17,113.721,216.905,0.0444765,95.6415
353.597,17,113.721,216.905,0.0444765,95.6415
354.663,18,113.946,220.421,0.0447585,95.7262
355.73,20,112.255,222.874,0.0445763,95.5083
356.797,20,112.255,222.874,0.0445763,95.5083
357.863,20,112.255,222.874,0.0445763,95.5083
358.93,24,111.512,239.766,0.0447622,95.6569
359.996,25,111.808,237.087,0.0447205,95.6634
361.063,28,111.796,236.987,0.0445937,95.7489
362.13,29,111.55,234.263,0.0445551,95.7645
363.196,29,111.55,234.263,0.0445551,95.7645
364.263,30,112.471,234.762,0.0445873,95.7123
365.33,31,112.501,228.814,0.0446659,95.8095
366.396,35,111.556,242.8,0.0444257,95.7953
367.463,35,111.556,242.8,0.0444257,95.7953
368.53,36,111.017,244.278,0.044416,95.7967
369.596,37,111.013,238.302,0.0443258,95.7744
370.663,40,111.929,240.543,0.0443488,95.7368
371.73,41,111.833,238.859,0.0443957,95.7059
372.796,43,112.032,242.558,0.044386,95.5667
373.863,45,110.289,244.23,0.0444742,95.6886
374.93,45,110.289,244.23,0.0444742,95.6886
375.996,41,108.999,245.417,0.0444833,95.6421
377.063,43,108.967,249.553,0.044327,95.6316
378.13,43,107.267,252.73,0.0443645,95.6066
379.196,39,106.516,241.154,0.0441673,95.4673
380.263,37,106.875,233.848,0.044303,95.4773
381.329,38,106.965,234.604,0.04419,95.5791
382.396,38,108.283,230.69,0.044286,95.5636
383.463,40,108.567,231.882,0.0443627,95.5822
384.529,44,108.713,228.868,0.0443894,95.6462
385.596,45,108.303,227.757,0.0444008,95.6404
386.663,42,110.046,232.186,0.044454,95.6136
387.729,38,110.878,223.908,0.0442192,95.5435
388.796,36,111.659,219.64,0.0441486,95.4444
389.863,30,114.255,207.881,0.044208,95.3491
390.929,25,113.565,200.306,0.0436963,95.2872
391.996,22,113.983,188.1,0.0437007,95.4488
393.063,23,112.342,183.006,0.0436623,95.5035
394.129,23,110.979,185.279,0.0436203,95.6165
395.196,25,110.275,181.254,0.0436877,95.5399
396.263,24,109.396,185.363,0.0436823,95.3889
397.329,26,111.147,178.828,0.043635,95.5291
398.396,26,111.147,178.828,0.043635,95.5291
399.463,25,111.468,181.277,0.0435566,95.631
400.529,27,112.327,165.196,0.043654,95.752
401.596,26,113.716,168.822,0.0436863,95.7153
402.662,25,114.238,167.93,0.0437856,95.6758
403.729,27,110.969,171.668,0.0438624,95.4785
404.796,26,109.121,175.221,0.0438661,95.3912
405.862,25,109.045,176.668,0.0439105,95.4219
406.929,23,110.386,177.391,0.0439533,95.4031
407.996,24,111.533,190.864,0.0439699,95.3664
409.062,25,112.341,187.482,0.0440026,95.4614
410.129,26,111.686,184.729,0.0439476,95.5547
411.196,25,110.33,187.24,0.0439336,95.4965
412.262,25,112.791,184.305,0.0439202,95.6929
413.329,27,114.29,186.922,0.0439374,95.5912
414.396,29,112.948,185.94,0.0438324,95.4933
415.462,31,112.376,199.327,0.0438329,95.4465
416.529,32,112.301,199.871,0.0438259,95.4739
417.596,33,112.141,201.301,0.0438016,95.4255
418.662,34,112.03,210.901,0.0437743,95.3488
419.729,34,110.215,214.081,0.0436784,95.4398
420.796,32,109.157,213.938,0.0436539,95.5445
421.862,29,108.341,217.101,0.0437056,95.6329
422.929,26,108.035,203.499,0.0437582,95.783
423.995,21,106.61,189.436,0.0437156,95.7073
425.062,18,108.078,184.5,0.0439343,95.5925
426.129,18,109.444,194.605,0.0440814,95.6
427.195,21,107.747,196.8,0.044165,95.3173
428.262,22,110.293,208.921,0.044268,95.312
429.329,22,110.95,201.402,0.0443854,95.3909
430.395,22,110.95,201.402,0.0443854,95.3909
431.462,22,110.95,201.402,0.0443854,95.3909
432.529,23,111.235,206.185,0.0443363,95.348
433.595,23,111.235,206.185,0.0443363,95.348
434.662,23,111.235,206.185,0.0443363,95.348
435.729,23,111.854,212.563,0.0443018,95.4706
436.795,23,111.854,212.563,0.0443018,95.4706
437.862,24,112.519,213.956,0.0443022,95.4112
438.929,25,112.781,210.862,0.0443445,95.4044
439.995,25,112.371,207.052,0.0443431,95.3829
441.062,24,112.634,198.263,0.0443296,95.398
442.129,24,111.409,195.265,0.0443279,95.4239
443.195,25,111.787,196.276,0.04434,95.5621
444.262,23,112.642,195.376,0.0443852,95.5894
445.328,26,109.311,200.512,0.0442954,95.6035
446.395,26,109.311,200.512,0.0442954,95.6035
447.462,27,109.28,199.7,0.0442358,95.685
448.528,28,109.061,200.864,0.0441924,95.6847
449.595,26,110.19,189.811,0.0443033,95.6789
450.662,27,110.378,184.871,0.0443174,95.7845
451.728,29,110.578,176.459,0.0442865,95.7572
452.795,31,109.912,179.267,0.0443347,95.8791
453.862,31,109.438,183.424,0.0441909,95.9567
454.928,31,109.438,183.424,0.0441909,95.9567
455.995,32,109.592,182.153,0.0441986,95.9338
457.062,28,109.631,178.27,0.044174,95.8558
458.128,27,109.273,174.6,0.0442035,95.7392
459.195,26,110.434,179.393,0.0441619,95.7306
460.262,27,109.947,187.066,0.0440606,95.7159
461.328,30,109.633,196.115,0.0440322,95.7178
462.395,30,109.633,196.115,0.0440322,95.7178
463.462,36,110.926,192.191,0.0441848,95.506
464.528,39,110.291,188.536,0.044238,95.4578
465.595,40,110.245,188.183,0.0442816,95.4572
466.661,40,112.541,188.224,0.0442457,95.4316
467.728,39,113.607,187.209,0.0442622,95.4682
468.795,35,113.609,176.362,0.0443606,95.4045
469.861,35,114.394,186.625,0.0444071,95.3528
470.928,35,115.148,189.934,0.0443568,95.2948
471.995,35,115.148,189.934,0.0443568,95.2948
473.061,35,115.021,194.631,0.0444175,95.3216
474.128,38,114.519,195.172,0.0444768,95.1864
475.195,42,116.558,194.052,0.0445617,95.2768
476.261,46,116.779,190.07,0.0446471,95.2665
477.328,48,117.215,192.977,0.0447133,95.3293
478.395,52,116.463,187.558,0.0447169,95.2986
479.461,52,116.463,187.558,0.0447169,95.2986
480.528,53,116.786,187.657,0.0447082,95.3066
481.595,53,116.07,191.177,0.0446849,95.2652
482.661,52,116.311,186.917,0.0447122,95.2926
483.728,53,115.777,187.809,0.0446553,95.2133
484.795,53,115.481,197.312,0.0445979,95.1427
485.861,50,113.439,190.475,0.0445196,95.1227
486.928,44,109.477,178.079,0.0445347,95.1006
487.995,44,111.093,184.712,0.0445895,95.0943
489.061,41,109.956,168.283,0.0447311,95.2346
490.128,35,109.89,165.401,0.044601,95.2717
491.194,30,109.068,160.599,0.0445424,95.2732
492.261,29,108.237,159.224,0.0445485,95.2344
493.328,27,108.928,155.635,0.0444886,95.4399
494.394,26,108.051,157.532,0.0444772,95.3513
495.461,27,107.086,163.415,0.0443371,95.3604
496.528,28,108.938,167.62,0.0443303,95.3368
497.594,30,108.569,169.234,0.0443459,95.4543
498.661,34,105.461,160.053,0.0442596,95.3705
499.728,36,107.057,161.004,0.0443229,95.3077
500.794,36,106.392,162.958,0.0442849,95.2222
501.861,36,106.392,162.958,0.0442849,95.2222
502.928,35,107.019,166.496,0.0440993,95.3305
503.994,35,107.019,166.496,0.0440993,95.3305
505.061,33,107.293,169.165,0.0440851,95.4109
506.128,31,107.279,167.892,0.044084,95.5498
507.194,30,106.645,171.166,0.0440711,95.4187
508.261,31,106.781,173.876,0.0441063,95.4292
509.328,33,104.417,176.464,0.0440923,95.499
510.394,38,105.514,180.447,0.0440471,95.5205
511.461,41,104.723,180.354,0.0440844,95.416
512.528,43,105.157,178.508,0.0441427,95.4328
513.594,44,105.099,180.374,0.0441196,95.4475
514.661,46,103.901,180.098,0.044121,95.4116
515.728,45,101.264,180.644,0.0440465,95.4613
516.795,44,101.39,176.692,0.0440673,95.4457
517.862,41,99.7828,178.087,0.0439912,95.3767
518.929,40,99.3675,176.921,0.0440151,95.3949
519.996,38,99.1572,179.281,0.0440642,95.4276
521.063,42,101.488,182.118,0.0440492,95.4692
522.13,42,101.011,177.371,0.0441013,95.5716
523.197,42,101.738,178.171,0.0440453,95.6348
524.263,45,103.891,176.334,0.0441273,95.7021
525.33,45,102.447,176.576,0.0441017,95.5728
526.397,46,102.33,173.544,0.0440985,95.6152
527.464,48,102.208,169.044,0.0440744,95.679
528.531,47,102.804,169.295,0.0440675,95.6892
529.598,45,101.511,160.268,0.0440671,95.8981
530.665,45,101.511,160.268,0.0440671,95.8981
531.732,48,102.869,175.397,0.0441317,96.158
532.799,50,103.159,177.015,0.0441519,96.1037
533.865,50,102.272,170.699,0.044175,95.9014
534.932,46,100.707,164.257,0.044145,95.8312
535.999,47,100.8,165.639,0.0441309,95.8521
537.066,48,100.961,164.733,0.0441243,95.7718
538.133,50,100.365,171.606,0.0440602,95.661
539.2,50,101.13,175.062,0.044054,95.6305
540.267,51,101.342,181.222,0.0440035,95.6194
541.334,53,101.591,177.237,0.0440065,95.6461
542.401,54,101.192,181.321,0.0439816,95.694
543.468,50,99.5161,174.936,0.0440654,95.6211
544.534,52,99.8138,172.839,0.0442504,95.5969
545.601,51,99.4292,165.086,0.0442659,95.5883
546.668,52,99.1316,166.19,0.0442741,95.5959
547.735,53,100.03,161.157,0.0443342,95.5549
548.802,56,99.9958,164.032,0.0443626,95.5653
549.869,57,100.442,161.728,0.0443204,95.657
550.936,57,99.8504,165.988,0.04418,95.6259
552.003,58,99.7558,166.413,0.0441648,95.6641
553.07,59,101.372,163.005,0.0441932,95.7841
554.136,59,102.115,167.79,0.0441977,95.8865
555.203,59,102.53,165.085,0.0441688,95.893
556.27,61,101.882,163.585,0.0441356,95.909
557.337,62,101.665,163.48,0.0441605,95.9129
558.404,63,100.841,162.997,0.0441258,95.9433
559.471,66,101.512,160.109,0.0440674,95.9894
560.538,66,100.949,156.874,0.0441319,95.9018
561.605,67,100.113,157.923,0.0441857,95.8319
562.672,70,99.993,164.486,0.0441881,95.7721
563.739,69,101.302,164.012,0.0442165,95.8416
564.805,70,102.121,163.277,0.0441305,95.9501
565.872,74,102.201,164.655,0.0441284,95.9622
566.939,69,101.644,162,0.0440659,95.9467
568.006,63,101.462,158.816,0.0441034,95.8313
569.073,60,101.982,156.023,0.0441969,95.8122
570.14,57,101.979,153.482,0.0441127,95.9074
571.207,54,102.603,155.607,0.0442434,96.0164
572.274,55,100.735,154.73,0.0442462,96.0295
573.341,56,100.115,149.671,0.044252,96.0066
574.407,57,100.144,144.92,0.0442299,95.9648
575.474,59,100.839,145.44,0.0441894,96.0833
576.541,61,100.621,147.868,0.0441995,96.124
577.608,63,100.591,150.9,0.0441682,96.0858
578.675,67,101.58,149.808,0.0441004,96.1349
579.742,64,102.029,148.962,0.0440923,96.0062
580.809,64,101.997,149.046,0.0441804,96.0111
581.876,62,102.2,147.665,0.0442163,96.0411
582.943,59,101.421,143.215,0.0441342,96.0611
584.01,52,100.917,138.53,0.0440812,96.1071
585.076,46,100.629,134.698,0.0440122,96.1413
586.143,38,99.3776,134.056,0.0441481,96.0149
587.21,28,97.191,127.22,0.04413,95.8486
588.277,26,97.8246,131.147,0.044099,95.9232
589.344,26,100.744,126.249,0.0440436,95.7262
590.411,28,100.121,127.788,0.0439998,95.6944
591.478,27,102.162,136.537,0.0438855,95.609
592.545,27,102.162,136.537,0.0438855,95.609
593.612,26,104.102,136.673,0.0438516,95.7331
594.678,25,104.928,137.559,0.0438946,95.7536
595.745,25,104.928,137.559,0.0438946,95.7536
596.812,23,104.961,138.283,0.0441496,95.8596
597.879,23,104.236,140.981,0.0441317,95.8434
598.946,23,104.236,140.981,0.0441317,95.8434
600.013,25,103.223,158.513,0.0440857,95.6535
